{"cameraMode":{"drawMode":0,"name":"Shaded","section":"Shading Mode"},"sceneLighting":true,"audioPlay":false,"sceneViewState":{"showFog":true,"showMaterialUpdate":false,"showSkybox":true,"showFlares":true,"showImageEffects":true,"showParticleSystems":true},"in2DMode":false,"pivot":{"x":136.37330627441407,"y":15.756186485290528,"z":-2.3288679122924806},"rotation":{"x":0.08473489433526993,"y":0.03526217117905617,"z":0.003001355566084385,"w":-0.9957748651504517},"size":5.7119927406311039,"orthographic":false}