{"cameraMode":{"drawMode":0,"name":"Shaded","section":"Shading Mode"},"sceneLighting":true,"audioPlay":false,"sceneViewState":{"showFog":true,"showMaterialUpdate":false,"showSkybox":true,"showFlares":true,"showImageEffects":true,"showParticleSystems":true},"in2DMode":false,"pivot":{"x":-8.963528633117676,"y":1.3625295162200928,"z":0.8444675803184509},"rotation":{"x":0.0011903827544301749,"y":0.02189604379236698,"z":0.000017196314729517326,"w":-0.9997595548629761},"size":11.711081504821778,"orthographic":false}