{"cameraMode":{"drawMode":0,"name":"Shaded","section":"Shading Mode"},"sceneLighting":true,"audioPlay":false,"sceneViewState":{"showFog":true,"showMaterialUpdate":false,"showSkybox":true,"showFlares":true,"showImageEffects":true,"showParticleSystems":true},"in2DMode":false,"pivot":{"x":-10.086257934570313,"y":5.480536460876465,"z":-0.16704021394252778},"rotation":{"x":-0.10081304609775543,"y":0.15926703810691834,"z":-0.01635761186480522,"w":-0.9819384813308716},"size":77.87303924560547,"orthographic":false}