{"cameraMode":{"drawMode":0,"name":"Shaded","section":"Shading Mode"},"sceneLighting":true,"audioPlay":false,"sceneViewState":{"showFog":true,"showMaterialUpdate":false,"showSkybox":true,"showFlares":true,"showImageEffects":true,"showParticleSystems":true},"in2DMode":false,"pivot":{"x":15.354896545410157,"y":0.2056581974029541,"z":49.099830627441409},"rotation":{"x":-0.06625624746084213,"y":0.013166258111596108,"z":-0.0008740285993553698,"w":-0.997715413570404},"size":85.55582427978516,"orthographic":false}